Entity,Code,Day,new_tests_per_thousand_7day_smoothed,142753-annotations,"Daily new confirmed cases of COVID-19 per million people (rolling 7-day average, right-aligned)",Year,Continent
Zimbabwe,ZWE,2020-05-13,32,tests performed,0.02871,2015,Africa
Zimbabwe,ZWE,2020-05-14,30,tests performed,0.02871,2015,Africa
Zimbabwe,ZWE,2020-05-15,26,tests performed,0.07671,2015,Africa
Zimbabwe,ZWE,2020-05-16,26,tests performed,0.06714,2015,Africa
Zimbabwe,ZWE,2020-05-17,26,tests performed,0.07686,2015,Africa
Zimbabwe,ZWE,2020-05-18,24,tests performed,0.09614,2015,Africa
Zimbabwe,ZWE,2020-05-19,30,tests performed,0.09614,2015,Africa
Zimbabwe,ZWE,2020-05-20,33,tests performed,0.10586,2015,Africa
Zimbabwe,ZWE,2020-05-21,36,tests performed,0.13471,2015,Africa
Zimbabwe,ZWE,2020-05-22,36,tests performed,0.08671,2015,Africa
Zimbabwe,ZWE,2020-05-23,29,tests performed,0.13471,2015,Africa
Zimbabwe,ZWE,2020-05-24,29,tests performed,0.11543,2015,Africa
Zimbabwe,ZWE,2020-05-25,26,tests performed,0.09614,2015,Africa
Zimbabwe,ZWE,2020-05-26,18,tests performed,0.09614,2015,Africa
Zimbabwe,ZWE,2020-05-27,16,tests performed,0.80729,2015,Africa
Zimbabwe,ZWE,2020-05-28,13,tests performed,0.94186,2015,Africa
Zimbabwe,ZWE,2020-05-29,16,tests performed,0.94186,2015,Africa
Zimbabwe,ZWE,2020-05-30,21,tests performed,1.13414,2015,Africa
Zimbabwe,ZWE,2020-05-31,24,tests performed,1.17257,2015,Africa
Zimbabwe,ZWE,2020-06-01,28,tests performed,1.41286,2015,Africa
Zimbabwe,ZWE,2020-06-02,32,tests performed,1.44171,2015,Africa
Zimbabwe,ZWE,2020-06-03,36,tests performed,0.86514,2015,Africa
Zimbabwe,ZWE,2020-06-04,38,tests performed,0.84586,2015,Africa
Zimbabwe,ZWE,2020-06-05,40,tests performed,1.115,2015,Africa
Zimbabwe,ZWE,2020-06-06,37,tests performed,1.00929,2015,Africa
Zimbabwe,ZWE,2020-06-07,33,tests performed,0.99971,2015,Africa
Zimbabwe,ZWE,2020-06-08,31,tests performed,0.80743,2015,Africa
Zimbabwe,ZWE,2020-06-09,28,tests performed,1.03814,2015,Africa
Zimbabwe,ZWE,2020-06-10,27,tests performed,0.942,2015,Africa
Zimbabwe,ZWE,2020-06-11,26,tests performed,0.91314,2015,Africa
Zimbabwe,ZWE,2020-06-12,24,tests performed,0.74971,2015,Africa
Zimbabwe,ZWE,2020-06-13,25,tests performed,0.74014,2015,Africa
Zimbabwe,ZWE,2020-06-14,25,tests performed,0.97086,2015,Africa
Zimbabwe,ZWE,2020-06-15,26,tests performed,0.96129,2015,Africa
Zimbabwe,ZWE,2020-06-16,25,tests performed,0.74014,2015,Africa
Zimbabwe,ZWE,2020-06-17,24,tests performed,0.77857,2015,Africa
Zimbabwe,ZWE,2020-06-18,26,tests performed,1.25914,2015,Africa
Zimbabwe,ZWE,2020-06-19,25,tests performed,1.30729,2015,Africa
Zimbabwe,ZWE,2020-06-20,23,tests performed,1.18229,2015,Africa
Zimbabwe,ZWE,2020-06-21,26,tests performed,1.01886,2015,Africa
Zimbabwe,ZWE,2020-06-22,25,tests performed,1.20143,2015,Africa
Zimbabwe,ZWE,2020-06-23,26,tests performed,1.288,2015,Africa
Zimbabwe,ZWE,2020-06-24,28,tests performed,1.23986,2015,Africa
Zimbabwe,ZWE,2020-06-25,28,tests performed,0.84586,2015,Africa
Zimbabwe,ZWE,2020-06-26,29,tests performed,0.78814,2015,Africa
Zimbabwe,ZWE,2020-06-27,31,tests performed,0.84586,2015,Africa
Zimbabwe,ZWE,2020-06-28,31,tests performed,0.74971,2015,Africa
Zimbabwe,ZWE,2020-06-29,30,tests performed,0.596,2015,Africa
Zimbabwe,ZWE,2020-06-30,30,tests performed,0.63443,2015,Africa
Zimbabwe,ZWE,2020-07-01,27,tests performed,0.721,2015,Africa
Zimbabwe,ZWE,2020-07-02,28,tests performed,0.63443,2015,Africa
Zimbabwe,ZWE,2020-07-03,28,tests performed,0.61514,2015,Africa
Zimbabwe,ZWE,2020-07-04,31,tests performed,1.25914,2015,Africa
Zimbabwe,ZWE,2020-07-05,30,tests performed,1.43214,2015,Africa
Zimbabwe,ZWE,2020-07-06,31,tests performed,1.53786,2015,Africa
Zimbabwe,ZWE,2020-07-07,33,tests performed,1.88386,2015,Africa
Zimbabwe,ZWE,2020-07-08,35,tests performed,2.69129,2015,Africa
Zimbabwe,ZWE,2020-07-09,36,tests performed,2.576,2015,Africa
Zimbabwe,ZWE,2020-07-10,37,tests performed,3.047,2015,Africa
Zimbabwe,ZWE,2020-07-11,34,tests performed,2.72971,2015,Africa
Zimbabwe,ZWE,2020-07-12,35,tests performed,2.58557,2015,Africa
Zimbabwe,ZWE,2020-07-13,36,tests performed,2.88357,2015,Africa
Zimbabwe,ZWE,2020-07-14,37,tests performed,2.66243,2015,Africa
Zimbabwe,ZWE,2020-07-15,37,tests performed,1.96071,2015,Africa
Zimbabwe,ZWE,2020-07-16,36,tests performed,4.58471,2015,Africa
Zimbabwe,ZWE,2020-07-17,39,tests performed,4.59429,2015,Africa
Zimbabwe,ZWE,2020-07-18,41,tests performed,4.76729,2015,Africa
Zimbabwe,ZWE,2020-07-19,43,tests performed,6.01671,2015,Africa
Zimbabwe,ZWE,2020-07-20,44,tests performed,6.52614,2015,Africa
Zimbabwe,ZWE,2020-07-21,43,tests performed,7.26629,2015,Africa
Zimbabwe,ZWE,2020-07-22,48,tests performed,9.08286,2015,Africa
Zimbabwe,ZWE,2020-07-23,55,tests performed,7.32386,2015,Africa
Zimbabwe,ZWE,2020-07-24,94,tests performed,8.41957,2015,Africa
Zimbabwe,ZWE,2020-07-25,109,tests performed,9.18857,2015,Africa
Zimbabwe,ZWE,2020-07-26,114,tests performed,8.66,2015,Africa
Zimbabwe,ZWE,2020-07-27,124,tests performed,9.525,2015,Africa
Zimbabwe,ZWE,2020-07-28,129,tests performed,9.58271,2015,Africa
Zimbabwe,ZWE,2020-07-29,136,tests performed,8.12171,2015,Africa
Zimbabwe,ZWE,2020-07-30,137,tests performed,9.304,2015,Africa
Zimbabwe,ZWE,2020-07-31,98,tests performed,8.391,2015,Africa
Zimbabwe,ZWE,2020-08-01,92,tests performed,11.77429,2015,Africa
Zimbabwe,ZWE,2020-08-02,95,tests performed,13.54286,2015,Africa
Zimbabwe,ZWE,2020-08-03,94,tests performed,13.17757,2015,Africa
Zimbabwe,ZWE,2020-08-04,93,tests performed,13.49471,2015,Africa
Zimbabwe,ZWE,2020-08-05,92,tests performed,12.89886,2015,Africa
Zimbabwe,ZWE,2020-08-06,87,tests performed,11.98571,2015,Africa
Zimbabwe,ZWE,2020-08-07,86,tests performed,12.32214,2015,Africa
Zimbabwe,ZWE,2020-08-08,84,tests performed,8.80429,2015,Africa
Zimbabwe,ZWE,2020-08-09,81,tests performed,6.99729,2015,Africa
Zimbabwe,ZWE,2020-08-10,94,tests performed,6.46871,2015,Africa
Zimbabwe,ZWE,2020-08-11,101,tests performed,5.73829,2015,Africa
Zimbabwe,ZWE,2020-08-12,99,tests performed,6.45914,2015,Africa
Zimbabwe,ZWE,2020-08-13,102,tests performed,6.25729,2015,Africa
Zimbabwe,ZWE,2020-08-14,104,tests performed,5.96886,2015,Africa
Zimbabwe,ZWE,2020-08-15,106,tests performed,5.77657,2015,Africa
Zimbabwe,ZWE,2020-08-16,108,tests performed,5.88229,2015,Africa
Zimbabwe,ZWE,2020-08-17,90,tests performed,5.38243,2015,Africa
Zimbabwe,ZWE,2020-08-18,85,tests performed,5.38243,2015,Africa
Zimbabwe,ZWE,2020-08-19,87,tests performed,7.20871,2015,Africa
Zimbabwe,ZWE,2020-08-20,88,tests performed,7.25686,2015,Africa
Zimbabwe,ZWE,2020-08-21,94,tests performed,7.14157,2015,Africa
Zimbabwe,ZWE,2020-08-22,90,tests performed,6.89171,2015,Africa
Zimbabwe,ZWE,2020-08-23,83,tests performed,6.43029,2015,Africa
Zimbabwe,ZWE,2020-08-24,82,tests performed,7.32414,2015,Africa
Zimbabwe,ZWE,2020-08-25,85,tests performed,7.86229,2015,Africa
Zimbabwe,ZWE,2020-08-26,78,tests performed,5.84371,2015,Africa
Zimbabwe,ZWE,2020-08-27,75,tests performed,5.25743,2015,Africa
Zimbabwe,ZWE,2020-08-28,73,tests performed,5.50729,2015,Africa
Zimbabwe,ZWE,2020-08-29,74,tests performed,4.93057,2015,Africa
Zimbabwe,ZWE,2020-08-30,72,tests performed,4.63271,2015,Africa
Zimbabwe,ZWE,2020-08-31,72,tests performed,4.10414,2015,Africa
Zimbabwe,ZWE,2020-09-01,67,tests performed,3.489,2015,Africa
Zimbabwe,ZWE,2020-09-02,67,tests performed,3.71971,2015,Africa
Zimbabwe,ZWE,2020-09-03,69,tests performed,3.71,2015,Africa
Zimbabwe,ZWE,2020-09-04,63,tests performed,4.31557,2015,Africa
Zimbabwe,ZWE,2020-09-05,55,tests performed,4.14257,2015,Africa
Zimbabwe,ZWE,2020-09-06,53,tests performed,4.08486,2015,Africa
Zimbabwe,ZWE,2020-09-07,49,tests performed,7.69886,2015,Africa
Zimbabwe,ZWE,2020-09-08,44,tests performed,7.968,2015,Africa
Zimbabwe,ZWE,2020-09-09,45,tests performed,7.60286,2015,Africa
Zimbabwe,ZWE,2020-09-10,44,tests performed,7.44914,2015,Africa
Zimbabwe,ZWE,2020-09-11,45,tests performed,6.17071,2015,Africa
Zimbabwe,ZWE,2020-09-12,53,tests performed,6.44943,2015,Africa
Zimbabwe,ZWE,2020-09-13,53,tests performed,6.62243,2015,Africa
Zimbabwe,ZWE,2020-09-14,53,tests performed,2.23943,2015,Africa
Zimbabwe,ZWE,2020-09-15,52,tests performed,1.807,2015,Africa
Zimbabwe,ZWE,2020-09-16,48,tests performed,1.62429,2015,Africa
Zimbabwe,ZWE,2020-09-17,48,tests performed,1.73,2015,Africa
Zimbabwe,ZWE,2020-09-18,45,tests performed,1.61471,2015,Africa
Zimbabwe,ZWE,2020-09-19,39,tests performed,1.57629,2015,Africa
Zimbabwe,ZWE,2020-09-20,42,tests performed,1.509,2015,Africa
Zimbabwe,ZWE,2020-09-21,41,tests performed,1.461,2015,Africa
Zimbabwe,ZWE,2020-09-22,43,tests performed,1.29757,2015,Africa
Zimbabwe,ZWE,2020-09-23,43,tests performed,1.22071,2015,Africa
Zimbabwe,ZWE,2020-09-24,40,tests performed,1.14386,2015,Africa
Zimbabwe,ZWE,2020-09-25,39,tests performed,1.34571,2015,Africa
Zimbabwe,ZWE,2020-09-26,39,tests performed,1.25929,2015,Africa
Zimbabwe,ZWE,2020-09-27,36,tests performed,1.24014,2015,Africa
Zimbabwe,ZWE,2020-09-28,38,tests performed,1.27857,2015,Africa
Zimbabwe,ZWE,2020-09-29,36,tests performed,1.21129,2015,Africa
Zimbabwe,ZWE,2020-09-30,35,tests performed,1.08629,2015,Africa
Zimbabwe,ZWE,2020-10-01,38,tests performed,0.942,2015,Africa
Zimbabwe,ZWE,2020-10-02,38,tests performed,0.68243,2015,Africa
Zimbabwe,ZWE,2020-10-03,37,tests performed,0.78814,2015,Africa
Zimbabwe,ZWE,2020-10-04,37,tests performed,0.73043,2015,Africa
Zimbabwe,ZWE,2020-10-05,41,tests performed,0.78814,2015,Africa
Zimbabwe,ZWE,2020-10-06,45,tests performed,0.74971,2015,Africa
Zimbabwe,ZWE,2020-10-07,48,tests performed,0.77857,2015,Africa
Zimbabwe,ZWE,2020-10-08,47,tests performed,0.97086,2015,Africa
Zimbabwe,ZWE,2020-10-09,41,tests performed,1.30729,2015,Africa
Zimbabwe,ZWE,2020-10-10,43,tests performed,1.20157,2015,Africa
Zimbabwe,ZWE,2020-10-11,46,tests performed,1.18229,2015,Africa
Zimbabwe,ZWE,2020-10-12,42,tests performed,1.18229,2015,Africa
Zimbabwe,ZWE,2020-10-13,39,tests performed,1.163,2015,Africa
Zimbabwe,ZWE,2020-10-14,38,tests performed,1.30714,2015,Africa
Zimbabwe,ZWE,2020-10-15,37,tests performed,1.19186,2015,Africa
Zimbabwe,ZWE,2020-10-16,42,tests performed,1.00929,2015,Africa
Zimbabwe,ZWE,2020-10-17,43,tests performed,0.96114,2015,Africa
Zimbabwe,ZWE,2020-10-18,40,tests performed,1.30714,2015,Africa
Zimbabwe,ZWE,2020-10-19,41,tests performed,1.32629,2015,Africa
Zimbabwe,ZWE,2020-10-20,43,tests performed,1.45129,2015,Africa
Zimbabwe,ZWE,2020-10-21,45,tests performed,1.53786,2015,Africa
Zimbabwe,ZWE,2020-10-22,45,tests performed,1.60514,2015,Africa
Zimbabwe,ZWE,2020-10-23,49,tests performed,1.51857,2015,Africa
Zimbabwe,ZWE,2020-10-24,47,tests performed,1.52814,2015,Africa
Zimbabwe,ZWE,2020-10-25,53,tests performed,1.23986,2015,Africa
Zimbabwe,ZWE,2020-10-26,54,tests performed,1.38414,2015,Africa
Zimbabwe,ZWE,2020-10-27,56,tests performed,1.23029,2015,Africa
Zimbabwe,ZWE,2020-10-28,54,tests performed,1.00914,2015,Africa
Zimbabwe,ZWE,2020-10-29,57,tests performed,1.02829,2015,Africa
Zimbabwe,ZWE,2020-10-30,56,tests performed,1.00914,2015,Africa
Zimbabwe,ZWE,2020-10-31,56,tests performed,0.94186,2015,Africa
Zimbabwe,ZWE,2020-11-01,54,tests performed,0.94186,2015,Africa
Zimbabwe,ZWE,2020-11-02,53,tests performed,0.82643,2015,Africa
Zimbabwe,ZWE,2020-11-03,50,tests performed,0.913,2015,Africa
Zimbabwe,ZWE,2020-11-04,53,tests performed,1.02843,2015,Africa
Zimbabwe,ZWE,2020-11-05,50,tests performed,0.91314,2015,Africa
Zimbabwe,ZWE,2020-11-06,49,tests performed,1.04771,2015,Africa
Zimbabwe,ZWE,2020-11-07,49,tests performed,1.25929,2015,Africa
Zimbabwe,ZWE,2020-11-08,49,tests performed,1.50914,2015,Africa
Zimbabwe,ZWE,2020-11-09,50,tests performed,1.65329,2015,Africa
Zimbabwe,ZWE,2020-11-10,54,tests performed,1.92243,2015,Africa
Zimbabwe,ZWE,2020-11-11,51,tests performed,2.30686,2015,Africa
Zimbabwe,ZWE,2020-11-12,54,tests performed,2.42214,2015,Africa
Zimbabwe,ZWE,2020-11-13,57,tests performed,2.82571,2015,Africa
Zimbabwe,ZWE,2020-11-14,56,tests performed,2.768,2015,Africa
Zimbabwe,ZWE,2020-11-15,59,tests performed,2.86414,2015,Africa
Zimbabwe,ZWE,2020-11-16,61,tests performed,3.22943,2015,Africa
Zimbabwe,ZWE,2020-11-17,58,tests performed,3.21986,2015,Africa
Zimbabwe,ZWE,2020-11-18,64,tests performed,3.018,2015,Africa
Zimbabwe,ZWE,2020-11-19,65,tests performed,3.364,2015,Africa
Zimbabwe,ZWE,2020-11-20,63,tests performed,3.41214,2015,Africa
Zimbabwe,ZWE,2020-11-21,64,tests performed,3.71014,2015,Africa
Zimbabwe,ZWE,2020-11-22,68,tests performed,3.75829,2015,Africa
Zimbabwe,ZWE,2020-11-23,65,tests performed,3.95057,2015,Africa
Zimbabwe,ZWE,2020-11-24,65,tests performed,4.35414,2015,Africa
Zimbabwe,ZWE,2020-11-25,64,tests performed,5.06543,2015,Africa
Zimbabwe,ZWE,2020-11-26,70,tests performed,5.546,2015,Africa
Zimbabwe,ZWE,2020-11-27,70,tests performed,5.70943,2015,Africa
Zimbabwe,ZWE,2020-11-28,80,tests performed,6.24757,2015,Africa
Zimbabwe,ZWE,2020-11-29,76,tests performed,5.78614,2015,Africa
Zimbabwe,ZWE,2020-11-30,78,tests performed,6.17057,2015,Africa
Zimbabwe,ZWE,2020-12-01,79,tests performed,7.026,2015,Africa
Zimbabwe,ZWE,2020-12-02,87,tests performed,5.96871,2015,Africa
Zimbabwe,ZWE,2020-12-03,82,tests performed,7.69886,2015,Africa
Zimbabwe,ZWE,2020-12-04,90,tests performed,8.00643,2015,Africa
Zimbabwe,ZWE,2020-12-05,89,tests performed,7.64129,2015,Africa
Zimbabwe,ZWE,2020-12-06,85,tests performed,8.612,2015,Africa
Zimbabwe,ZWE,2020-12-07,89,tests performed,8.54471,2015,Africa
Zimbabwe,ZWE,2020-12-08,98,tests performed,7.526,2015,Africa
Zimbabwe,ZWE,2020-12-09,95,tests performed,8.43914,2015,Africa
Zimbabwe,ZWE,2020-12-10,99,tests performed,6.315,2015,Africa
Zimbabwe,ZWE,2020-12-11,97,tests performed,5.91129,2015,Africa
Zimbabwe,ZWE,2020-12-12,95,tests performed,5.78629,2015,Africa
Zimbabwe,ZWE,2020-12-13,101,tests performed,5.07514,2015,Africa
Zimbabwe,ZWE,2020-12-14,104,tests performed,4.98871,2015,Africa
Zimbabwe,ZWE,2020-12-15,91,tests performed,5.86329,2015,Africa
Zimbabwe,ZWE,2020-12-16,89,tests performed,7.132,2015,Africa
Zimbabwe,ZWE,2020-12-17,91,tests performed,7.54529,2015,Africa
Zimbabwe,ZWE,2020-12-18,98,tests performed,8.50643,2015,Africa
Zimbabwe,ZWE,2020-12-19,100,tests performed,8.95814,2015,Africa
Zimbabwe,ZWE,2020-12-20,109,tests performed,10.371,2015,Africa
Zimbabwe,ZWE,2020-12-21,105,tests performed,10.22671,2015,Africa
Zimbabwe,ZWE,2020-12-22,114,tests performed,9.823,2015,Africa
Zimbabwe,ZWE,2020-12-23,115,tests performed,8.71771,2015,Africa
Zimbabwe,ZWE,2020-12-24,114,tests performed,8.84271,2015,Africa
Zimbabwe,ZWE,2020-12-25,110,tests performed,8.00643,2015,Africa
Zimbabwe,ZWE,2020-12-26,106,tests performed,7.80457,2015,Africa
Zimbabwe,ZWE,2020-12-27,95,tests performed,7.22786,2015,Africa
Zimbabwe,ZWE,2020-12-28,93,tests performed,6.978,2015,Africa
Zimbabwe,ZWE,2020-12-29,102,tests performed,7.50671,2015,Africa
Zimbabwe,ZWE,2020-12-30,111,tests performed,9.31357,2015,Africa
Zimbabwe,ZWE,2020-12-31,109,tests performed,10.39,2015,Africa
Zimbabwe,ZWE,2021-01-01,128,tests performed,11.57229,2015,Africa
Zimbabwe,ZWE,2021-01-02,134,tests performed,14.68657,2015,Africa
Zimbabwe,ZWE,2021-01-03,157,tests performed,21.03029,2015,Africa
Zimbabwe,ZWE,2021-01-04,165,tests performed,25.76886,2015,Africa
Zimbabwe,ZWE,2021-01-05,190,tests performed,37.18743,2015,Africa
Zimbabwe,ZWE,2021-01-06,211,tests performed,40.16714,2015,Africa
Zimbabwe,ZWE,2021-01-07,232,tests performed,46.21286,2015,Africa
Zimbabwe,ZWE,2021-01-08,223,tests performed,53.59457,2015,Africa
Zimbabwe,ZWE,2021-01-09,234,tests performed,57.74671,2015,Africa
Zimbabwe,ZWE,2021-01-10,250,tests performed,59.70743,2015,Africa
Zimbabwe,ZWE,2021-01-11,246,tests performed,62.168,2015,Africa
Zimbabwe,ZWE,2021-01-12,242,tests performed,58.10229,2015,Africa
Zimbabwe,ZWE,2021-01-13,231,tests performed,62.01414,2015,Africa
Zimbabwe,ZWE,2021-01-14,224,tests performed,64.33057,2015,Africa
Zimbabwe,ZWE,2021-01-15,230,tests performed,61.98543,2015,Africa
Zimbabwe,ZWE,2021-01-16,235,tests performed,61.34143,2015,Africa
Zimbabwe,ZWE,2021-01-17,202,tests performed,55.03629,2015,Africa
Zimbabwe,ZWE,2021-01-18,224,tests performed,53.77714,2015,Africa
Zimbabwe,ZWE,2021-01-19,227,tests performed,52.24886,2015,Africa
Zimbabwe,ZWE,2021-01-20,236,tests performed,49.51914,2015,Africa
Zimbabwe,ZWE,2021-01-21,237,tests performed,44.97286,2015,Africa
Zimbabwe,ZWE,2021-01-22,241,tests performed,42.42571,2015,Africa
Zimbabwe,ZWE,2021-01-23,232,tests performed,39.65757,2015,Africa
Zimbabwe,ZWE,2021-01-24,239,tests performed,39.571,2015,Africa
Zimbabwe,ZWE,2021-01-25,225,tests performed,36.082,2015,Africa
Zimbabwe,ZWE,2021-01-26,210,tests performed,31.99714,2015,Africa
Zimbabwe,ZWE,2021-01-27,202,tests performed,27.83529,2015,Africa
Zimbabwe,ZWE,2021-01-28,211,tests performed,24.98057,2015,Africa
Zimbabwe,ZWE,2021-01-29,215,tests performed,23.34657,2015,Africa
Zimbabwe,ZWE,2021-01-30,210,tests performed,21.77986,2015,Africa
Zimbabwe,ZWE,2021-01-31,204,tests performed,19.87671,2015,Africa
Zimbabwe,ZWE,2021-02-01,205,tests performed,18.28114,2015,Africa
Zimbabwe,ZWE,2021-02-02,216,tests performed,17.39686,2015,Africa
Zimbabwe,ZWE,2021-02-03,207,tests performed,15.95514,2015,Africa
Zimbabwe,ZWE,2021-02-04,197,tests performed,14.65757,2015,Africa
Zimbabwe,ZWE,2021-02-05,182,tests performed,13.25429,2015,Africa
Zimbabwe,ZWE,2021-02-06,183,tests performed,11.66843,2015,Africa
Zimbabwe,ZWE,2021-02-07,176,tests performed,11.18786,2015,Africa
Zimbabwe,ZWE,2021-02-08,177,tests performed,10.66886,2015,Africa
Zimbabwe,ZWE,2021-02-09,161,tests performed,9.29443,2015,Africa
Zimbabwe,ZWE,2021-02-10,168,tests performed,8.65043,2015,Africa
Zimbabwe,ZWE,2021-02-11,160,tests performed,6.66086,2015,Africa
Zimbabwe,ZWE,2021-02-12,154,tests performed,6.86271,2015,Africa
Zimbabwe,ZWE,2021-02-13,147,tests performed,5.93043,2015,Africa
Zimbabwe,ZWE,2021-02-14,156,tests performed,5.95929,2015,Africa
Zimbabwe,ZWE,2021-02-15,146,tests performed,5.421,2015,Africa
Zimbabwe,ZWE,2021-02-16,153,tests performed,5.13257,2015,Africa
Zimbabwe,ZWE,2021-02-17,138,tests performed,5.37286,2015,Africa
Zimbabwe,ZWE,2021-02-18,155,tests performed,6.52629,2015,Africa
Zimbabwe,ZWE,2021-02-19,158,tests performed,6.39171,2015,Africa
Zimbabwe,ZWE,2021-02-20,159,tests performed,6.382,2015,Africa
Zimbabwe,ZWE,2021-02-21,151,tests performed,5.99757,2015,Africa
Zimbabwe,ZWE,2021-02-22,152,tests performed,6.15143,2015,Africa
Zimbabwe,ZWE,2021-02-23,140,tests performed,5.719,2015,Africa
Zimbabwe,ZWE,2021-02-24,138,tests performed,5.16157,2015,Africa
Zimbabwe,ZWE,2021-02-25,128,tests performed,4.335,2015,Africa
Zimbabwe,ZWE,2021-02-26,126,tests performed,3.21043,2015,Africa
Zimbabwe,ZWE,2021-02-27,124,tests performed,2.78757,2015,Africa
Zimbabwe,ZWE,2021-02-28,122,tests performed,2.81643,2015,Africa
Zimbabwe,ZWE,2021-03-01,125,tests performed,2.43186,2015,Africa
Zimbabwe,ZWE,2021-03-02,129,tests performed,2.28757,2015,Africa
Zimbabwe,ZWE,2021-03-03,130,tests performed,2.105,2015,Africa
Zimbabwe,ZWE,2021-03-04,121,tests performed,2.201,2015,Africa
Zimbabwe,ZWE,2021-03-05,115,tests performed,1.96071,2015,Africa
Zimbabwe,ZWE,2021-03-06,118,tests performed,1.94143,2015,Africa
Zimbabwe,ZWE,2021-03-07,114,tests performed,1.74914,2015,Africa
Zimbabwe,ZWE,2021-03-08,111,tests performed,1.67229,2015,Africa
Zimbabwe,ZWE,2021-03-09,110,tests performed,1.66271,2015,Africa
Zimbabwe,ZWE,2021-03-10,112,tests performed,1.557,2015,Africa
Zimbabwe,ZWE,2021-03-11,109,tests performed,1.48014,2015,Africa
Zimbabwe,ZWE,2021-03-12,115,tests performed,1.682,2015,Africa
Zimbabwe,ZWE,2021-03-13,105,tests performed,2.02814,2015,Africa
Zimbabwe,ZWE,2021-03-14,111,tests performed,2.04743,2015,Africa
Zimbabwe,ZWE,2021-03-15,110,tests performed,2.06671,2015,Africa
Zimbabwe,ZWE,2021-03-16,110,tests performed,2.05714,2015,Africa
Zimbabwe,ZWE,2021-03-17,104,tests performed,2.02829,2015,Africa
Zimbabwe,ZWE,2021-03-18,112,tests performed,2.24943,2015,Africa
Zimbabwe,ZWE,2021-03-19,113,tests performed,2.20143,2015,Africa
Zimbabwe,ZWE,2021-03-20,114,tests performed,1.83614,2015,Africa
Zimbabwe,ZWE,2021-03-21,110,tests performed,1.74,2015,Africa
Zimbabwe,ZWE,2021-03-22,116,tests performed,1.73029,2015,Africa
Zimbabwe,ZWE,2021-03-23,113,tests performed,1.74943,2015,Africa
Zimbabwe,ZWE,2021-03-24,132,tests performed,1.89357,2015,Africa
Zimbabwe,ZWE,2021-03-25,127,tests performed,1.60514,2015,Africa
Zimbabwe,ZWE,2021-03-26,134,tests performed,1.47057,2015,Africa
Zimbabwe,ZWE,2021-03-27,146,tests performed,1.49943,2015,Africa
Zimbabwe,ZWE,2021-03-28,151,tests performed,1.509,2015,Africa
Zimbabwe,ZWE,2021-03-29,142,tests performed,1.48986,2015,Africa
Zimbabwe,ZWE,2021-03-30,151,tests performed,1.17271,2015,Africa
Zimbabwe,ZWE,2021-03-31,131,tests performed,1.27843,2015,Africa
Zimbabwe,ZWE,2021-04-01,135,tests performed,1.13429,2015,Africa
Zimbabwe,ZWE,2021-04-02,119,tests performed,0.942,2015,Africa
Zimbabwe,ZWE,2021-04-03,110,tests performed,0.89386,2015,Africa
Zimbabwe,ZWE,2021-04-04,110,tests performed,0.97071,2015,Africa
Zimbabwe,ZWE,2021-04-05,107,tests performed,0.913,2015,Africa
Zimbabwe,ZWE,2021-04-06,97,tests performed,1.22057,2015,Africa
Zimbabwe,ZWE,2021-04-07,115,tests performed,0.98029,2015,Africa
Zimbabwe,ZWE,2021-04-08,110,tests performed,1.49929,2015,Africa
Zimbabwe,ZWE,2021-04-09,120,tests performed,2.34514,2015,Africa
Zimbabwe,ZWE,2021-04-10,131,tests performed,3.47929,2015,Africa
Zimbabwe,ZWE,2021-04-11,132,tests performed,3.50814,2015,Africa
Zimbabwe,ZWE,2021-04-12,132,tests performed,3.585,2015,Africa
Zimbabwe,ZWE,2021-04-13,135,tests performed,3.49843,2015,Africa
Zimbabwe,ZWE,2021-04-14,126,tests performed,3.70029,2015,Africa
Zimbabwe,ZWE,2021-04-15,134,tests performed,3.55614,2015,Africa
Zimbabwe,ZWE,2021-04-16,131,tests performed,3.71957,2015,Africa
Zimbabwe,ZWE,2021-04-17,132,tests performed,4.09443,2015,Africa
Zimbabwe,ZWE,2021-04-18,131,tests performed,4.45014,2015,Africa
Zimbabwe,ZWE,2021-04-19,138,tests performed,5.30557,2015,Africa
Zimbabwe,ZWE,2021-04-20,143,tests performed,5.23843,2015,Africa
Zimbabwe,ZWE,2021-04-21,139,tests performed,5.87286,2015,Africa
Zimbabwe,ZWE,2021-04-22,131,tests performed,5.72871,2015,Africa
Zimbabwe,ZWE,2021-04-23,125,tests performed,4.91171,2015,Africa
Zimbabwe,ZWE,2021-04-24,118,tests performed,3.50843,2015,Africa
Zimbabwe,ZWE,2021-04-25,119,tests performed,3.22,2015,Africa
Zimbabwe,ZWE,2021-04-26,116,tests performed,2.33586,2015,Africa
Zimbabwe,ZWE,2021-04-27,115,tests performed,2.77786,2015,Africa
Zimbabwe,ZWE,2021-04-28,115,tests performed,2.02814,2015,Africa
Zimbabwe,ZWE,2021-04-29,118,tests performed,2.08571,2015,Africa
Zimbabwe,ZWE,2021-04-30,124,tests performed,2.03757,2015,Africa
Zimbabwe,ZWE,2021-05-01,127,tests performed,1.88386,2015,Africa
Zimbabwe,ZWE,2021-05-02,125,tests performed,1.87429,2015,Africa
Zimbabwe,ZWE,2021-05-03,129,tests performed,1.83571,2015,Africa
Zimbabwe,ZWE,2021-05-04,121,tests performed,1.56671,2015,Africa
Zimbabwe,ZWE,2021-05-05,129,tests performed,1.59543,2015,Africa
Zimbabwe,ZWE,2021-05-06,140,tests performed,1.56671,2015,Africa
Zimbabwe,ZWE,2021-05-07,134,tests performed,1.40329,2015,Africa
Zimbabwe,ZWE,2021-05-08,134,tests performed,1.48014,2015,Africa
Zimbabwe,ZWE,2021-05-09,135,tests performed,1.32629,2015,Africa
Zimbabwe,ZWE,2021-05-10,137,tests performed,1.34557,2015,Africa
Zimbabwe,ZWE,2021-05-11,143,tests performed,1.16286,2015,Africa
Zimbabwe,ZWE,2021-05-12,133,tests performed,1.04757,2015,Africa
Zimbabwe,ZWE,2021-05-13,125,tests performed,0.89371,2015,Africa
Zimbabwe,ZWE,2021-05-14,128,tests performed,1.26857,2015,Africa
Zimbabwe,ZWE,2021-05-15,130,tests performed,1.34543,2015,Africa
Zimbabwe,ZWE,2021-05-16,127,tests performed,1.35514,2015,Africa
Zimbabwe,ZWE,2021-05-17,124,tests performed,1.33586,2015,Africa
Zimbabwe,ZWE,2021-05-18,124,tests performed,1.41271,2015,Africa
Zimbabwe,ZWE,2021-05-19,137,tests performed,1.40314,2015,Africa
Zimbabwe,ZWE,2021-05-20,134,tests performed,1.38386,2015,Africa
Zimbabwe,ZWE,2021-05-21,135,tests performed,1.23971,2015,Africa
Zimbabwe,ZWE,2021-05-22,131,tests performed,1.20129,2015,Africa
Zimbabwe,ZWE,2021-05-23,130,tests performed,1.17243,2015,Africa
Zimbabwe,ZWE,2021-05-24,137,tests performed,1.19171,2015,Africa
Zimbabwe,ZWE,2021-05-25,130,tests performed,1.06686,2015,Africa
Zimbabwe,ZWE,2021-05-26,116,tests performed,1.98957,2015,Africa